{"stats":{"minecraft:picked_up":{"minecraft:stick":4,"minecraft:sweet_berries":41,"minecraft:torch":1,"minecraft:dandelion":2,"minecraft:spruce_stairs":2,"minecraft:spruce_log":6,"minecraft:mossy_cobblestone":1,"minecraft:spruce_door":1,"minecraft:dirt":3,"minecraft:wheat_seeds":11,"minecraft:spruce_planks":26,"minecraft:cobblestone":7},"minecraft:killed":{"minecraft:sheep":1,"minecraft:creeper":1},"minecraft:custom":{"minecraft:time_since_rest":35807,"minecraft:interact_with_furnace":2,"minecraft:sprint_one_cm":94293,"minecraft:damage_taken":1165,"minecraft:walk_one_cm":34457,"minecraft:mob_kills":2,"minecraft:drop":1,"minecraft:damage_dealt":140,"minecraft:talked_to_villager":8,"minecraft:interact_with_crafting_table":4,"minecraft:fly_one_cm":280569,"minecraft:open_chest":10,"minecraft:crouch_one_cm":1190,"minecraft:play_time":60513,"minecraft:deaths":3,"minecraft:sneak_time":700,"minecraft:jump":536,"minecraft:leave_game":6,"minecraft:time_since_death":50606,"minecraft:sleep_in_bed":1,"minecraft:total_world_time":60513,"minecraft:fall_one_cm":8914},"minecraft:dropped":{"minecraft:wheat_seeds":2},"minecraft:crafted":{"minecraft:crafting_table":1,"minecraft:spruce_planks":28,"minecraft:stick":16,"minecraft:stone_pickaxe":1,"minecraft:stone_axe":1},"minecraft:used":{"minecraft:flint_and_steel":9,"minecraft:bread":2,"minecraft:dirt":1,"minecraft:tnt":32,"minecraft:sweet_berries":28,"minecraft:crafting_table":1,"create:schematicannon":1},"minecraft:killed_by":{"minecraft:skeleton":1,"minecraft:spider":1,"minecraft:zombie":1},"minecraft:mined":{"minecraft:large_fern":5,"minecraft:spruce_stairs":2,"minecraft:sweet_berry_bush":19,"minecraft:spruce_log":6,"minecraft:dandelion":1,"minecraft:grass":39,"minecraft:tall_grass":3,"minecraft:spruce_leaves":2,"minecraft:fern":10}},"DataVersion":3465}