{"stats":{"minecraft:picked_up":{"minecraft:stick":4,"minecraft:sweet_berries":41,"minecraft:torch":1,"minecraft:dandelion":2,"minecraft:spruce_stairs":2,"minecraft:spruce_log":6,"minecraft:spruce_door":1,"minecraft:dirt":3,"minecraft:mossy_cobblestone":1,"minecraft:wheat_seeds":11,"minecraft:spruce_planks":26,"minecraft:cobblestone":7},"minecraft:custom":{"minecraft:time_since_rest":27575,"minecraft:interact_with_furnace":2,"minecraft:sprint_one_cm":84226,"minecraft:damage_taken":1145,"minecraft:walk_one_cm":28993,"minecraft:drop":1,"minecraft:damage_dealt":140,"minecraft:talked_to_villager":8,"minecraft:interact_with_crafting_table":4,"minecraft:fly_one_cm":121625,"minecraft:open_chest":6,"minecraft:crouch_one_cm":1141,"minecraft:play_time":52281,"minecraft:deaths":3,"minecraft:sneak_time":384,"minecraft:jump":480,"minecraft:leave_game":4,"minecraft:time_since_death":42374,"minecraft:sleep_in_bed":1,"minecraft:total_world_time":52281,"minecraft:fall_one_cm":7674},"minecraft:dropped":{"minecraft:wheat_seeds":2},"minecraft:crafted":{"minecraft:crafting_table":1,"minecraft:spruce_planks":28,"minecraft:stick":16,"minecraft:stone_pickaxe":1,"minecraft:stone_axe":1},"minecraft:used":{"minecraft:bread":2,"minecraft:dirt":1,"minecraft:sweet_berries":28,"minecraft:crafting_table":1,"create:schematicannon":1},"minecraft:killed_by":{"minecraft:skeleton":1,"minecraft:spider":1,"minecraft:zombie":1},"minecraft:mined":{"minecraft:large_fern":5,"minecraft:spruce_stairs":2,"minecraft:sweet_berry_bush":19,"minecraft:spruce_log":6,"minecraft:dandelion":1,"minecraft:grass":39,"minecraft:tall_grass":3,"minecraft:spruce_leaves":2,"minecraft:fern":10}},"DataVersion":3465}